納豆,98,2026-05-15
ヨーグルト,138,2026-05-20
牛乳,198,2026-05-13
卵,228,2026-05-25
豆腐,78,2026-05-14
味噌,298,2026-06-10
バター,398,2026-07-01
食パン,158,2026-05-13
ハム,248,2026-05-18
ベーコン,298,2026-05-22
ウインナー,328,2026-05-30
鶏もも肉,398,2026-05-13
豚こま肉,428,2026-05-14
牛こま肉,598,2026-05-16
鮭の切り身,498,2026-05-17
サバ味噌,298,2026-05-19
冷凍餃子,198,2026-12-01
冷凍うどん,158,2026-11-20
冷凍チャーハン,298,2026-10-15
冷凍ピザ,398,2026-09-01
キャベツ,128,2026-05-12
にんじん,98,2026-05-18
玉ねぎ,98,2026-05-25
じゃがいも,128,2026-06-01
ほうれん草,158,2026-05-14
ブロッコリー,178,2026-05-15
レタス,158,2026-05-13
トマト,198,2026-05-16
きゅうり,98,2026-05-14
りんご,128,2026-05-30
バナナ,98,2026-05-13
いちご,298,2026-05-14
オレンジ,158,2026-05-20
ヨーグルトドリンク,158,2026-05-18
プリン,108,2026-05-15
ゼリー,98,2026-05-25
チーズ,248,2026-06-05
スライスチーズ,198,2026-06-01
納豆キムチ,148,2026-05-14
豆乳,158,2026-05-22
コーヒー牛乳,158,2026-05-13
カフェオレ,178,2026-05-17
野菜ジュース,128,2026-06-20
ツナ缶,98,2027-01-01
コーン缶,98,2027-02-01
ミートソース,198,2026-12-10
カレー,198,2026-11-01
パスタ,178,2027-03-01
シリアル,298,2026-10-01
